Word;Masculine Singular;Feminine Singular;Masculine Plural;Feminine Plural;Basic meanings of word;Example sentences;Wiktionary
agneau;l'agneau;;les agneaux;;lamb;;
arobase;l'arobase;;les arobases;;the @ symbol;;
bâillement;le bâillement;;les bâillements;;yawn;;
chaos;le chaos;;;;chaos;;
chou;le chou;;les choux;;cabbage;;
col;le col;;les cols;;collar;;
collant;le collant;;les collants;;(plural) tights;;
connexion;;la connexion;;les connexions;connection, login;;
contraire;le contraire;;les contraires;;(also adj) opposite;;
désastre;le désastre;;les désastres;;disaster;;
dinde;;la dinde;;les dindes;turkey;;
douane;;la douane;;les douanes;customs
enthousiasme;l'enthousiasme;;les enthousiasmes;;enthusiasm;;
fourrure;;la fourrure;;les fourrures;fur;;
gymnase;le gymnase;;les gymnases;;gymnasium;;
hasard;le hasard;;les hasards;;chance, coincidence, hazard;;
humour;l'humour;;les humours;;humour;;
impression;;l'impression;;les impressions;impression/ the overall feel
joue;;la joue;;les joues;cheek;;
laitue;;la laitue;;les laitues;lettuce;;
logiciel;le logiciel;;les logiciels;;software;;
mal;le mal;;les maux;;trouble/ difficulty, evil;;
manche;;la manche;;les manches;sleeve;;
mayonnaise;;la mayonnaise;;les mayonnaises;mayo;;
nappe;;la nappe;;les nappes;tablecloth;;
nom d'utilisateur;le nom d'utilisateur;;les noms d'utilisateur;;username
pièce jointe;;la pièce jointe;;les pièces jointes;attachment (email);;
pois;le pois;;les pois;;pea, polka dot;;
publicité;;la publicité;;les publicités;advertising;;
rayure;;la rayure;;les rayures;scratch, stripe;;
renseignement;le renseignement;;les renseignements;;piece of information;;
soie;;la soie;;les soies;silk;;
sorte;;la sorte;;les sortes;kind/ type, way/ manner;;
sourcil;le sourcil;;les sourcils;;eyebrow
soutien-gorge;le soutien-gorge;;les soutiens-gorge;;bra;;
statue;;la statue;;les statues;statue;;
sucrerie;;la sucrerie;;les sucreries;(typically plural) sweet/ candy;;
tisane;;la tisane;;les tisanes;herbal tea;;
tissu;le tissu;;les tissus;;fabric;;
tube;le tube;;les tubes;;tube, pipe
veau;le veau;;les veaux;;calf, veal
vinaigre;le vinaigre;;les vinaigres;;vinegar