Word;Past Participle;Present Participle;Basic meanings of word;Example sentences;Wiktionary
attendrir;attendri;attendrissant;to soften;;
bâiller;bâillé;bâillant;to yawn;;
coller;collé;collant;to stick/ paste/ glue;;
déclarer;déclaré;déclarant;to declare
déconnecter;déconnecté;déconnectant;to disconnect/ unplug, (reflexive) to log out;;
emballer;emballé;emballant;to wrap up;;
étirer;étiré;étirant;(reflexive) to stretch;;
fouetter;fouetté;fouettant;to whip, to whisk;;
froncer;froncé;fronçant;to scowl;;
mâcher;mâché;mâchant;to chew;;
peigner;peigné;peignant;to comb;;
ruiner;ruiné;ruinant;to ruin
surveiller;surveillé;surveillant;to monitor/ watch